"",13504
01molleto,4
1in4newyorkersisamillionaire,1
1u,7
3tking,2
4thbranch,1
500aday,2
5thnov,1
5thofnovember,9
6nov,5
8217s,4
911wasanisidejob,2
95fivediet,6
9newsph,1
a,1
aaronswartz,10
aaronswartzday,5
abasal,1
about,1
access,1
accesso,2
accounting,1
acgme,1
aclu,1
acmmm14,1
acom238,1
acta,3
action,2
activism,2
activistworldnewsnow,2
actonclimate,1
actu,6
actualvotersupportproblems,1
ad,3
adsdevel,4
adsocial,2
adult,1
advice,2
aect14,1
afrisys,3
againsthepeople,1
agendadigitale,1
akamai,1
akelect,1
al,9
alaska,15
albarjeel,1
alecexposed,1
alexfromtarget,1
alitalia,1
allpolitics,2
allshare,1
allvoicesapp,1
alqaeda,1
alternativenews,4
amazon,2
amcadvantage,1
anarchy,1
anchorage,14
anditsmadeoflead,2
andreaquijada,2
android,1
androidcdma,1
androidchat,1
androidportfolio,2
anglrcard,1
anon,5
anon_online,1
anonops,1
anons,1
anonymiss,1
anonymous,44
anonymousmessaging,20
ans2014,1
antitrust,2
antofagasta,1
antonsolamente,1
ap,1
apachetrafficserver,1
apathy,1
apple,6
applications,3
arcade,2
argentinadigital,5
arstechnica,2
arte,2
artistsneedmarketingtoo,2
asae,1
asheville,2
assnchat,2
associations,1
attackonturner,1
aumf,4
auprw,2
ausit,2
auspol,3
austin,4
austintoireland,1
autotweet,1
avlbiz,1
avlelect,1
avlnews,2
avtweeps,11
axeliito_x3,6
badassteachers,1
badidea,25
ballychohan,1
bandwidthblackops,1
banfracking,2
barackobama,3
battle,1
battleforthenet,51
beaware,1
becauseevansaysso,3
beg,1
behindthescenes,1
berlin,1
bestpractices,1
bethechange,1
beyourownboss,1
bgr,1
bigbrother,1
bigdata,15
biggest,1
bigwatching,1
bingelections,2
birders,1
biz,1
bizboost,2
blablabla,2
blacklistednews,1
blacklivesmatter,1
blameitontheweather,1
blankiitoh,2
"blasérose",2
blinnspchmwf,1
blkgrrrl,1
blocktheboat,10
blog,4
blog10,1
blogs,2
blondeambition,1
boca,1
boingboing,1
bospoli,3
boston,20
boycott,2
bp,1
bpulse,2
brainconfused,1
brand,3
brandbuilding,1
branding,4
brck,1
breaking,1
breakingdown,1
breakingnews,8
briantech,1
briantechupdate,1
bringbackmychannels,1
bringbackourgirls,5
bringiton,1
bringyourpopcorn,1
broadband,30
broadbandinternetservice,24
broadcast,1
brooklyn,2
browsing,1
bryan_starz,6
"brésil",1
btl637,1
buddytheelf,2
bugbounty,1
buildingaplatform,6
bulletproof,1
bumkt3210,1
business,48
businesses,1
ca17,1
cable,6
cablecompanyfuckery,1
cablelobby,6
cablemafia,1
cabletv,1
cagematch,1
caipsection,1
cajasdefollow,2
caldodecultivo,1
callobama,17
callthefcc,310
calltoaction,1
campaigned,1
cannabis,4
capital,1
caps,1
careers,1
cascadia,4
catswsnews,1
ccctf,1
ccmi,1
ccot,28
ccotcable,2
cctf,1
cctimes,1
cdn,3
cdnpoli,3
cdns,1
celeb,1
celebrities,1
celebs,1
censored,1
censorship,9
ceo,3
cgop,1
change,3
charity,2
checifaccioqui,1
chicago,32
chickenlittle,1
chico,1
childabuse,4
chiletech,1
chooseindependent,3
cincinnati,24
cio,12
cir,5
cis410,2
cis835,2
citizenscience,2
citizensunited,3
cityclub,8
cityhall,10
civiccenterplaza,1
civicengage,1
civilrights,5
classwar,1
climate,1
climatechange,5
cloud,1
cloudcomputing,2
cloudrobots,1
clusterfck,1
cms363a,1
cnbc,2
cnetasia,1
cnetnews,1
cnn,1
codengin,1
coding,1
coe_wfd,21
cogent,3
colbertreport,1
collective,2
colorado,1
comcast,24
comcastcable,5
comcastdoesntcare,3
comcasthorror,2
comcastoutage,3
comcastroundup,1
comcastsucks,3
comcasttimewarner,5
comics,3
comm214,2
comm292,2
comm4005,1
commactupdate,4
commoncarrier,1
commoncarriers,1
communications,2
communicationsact,3
communities,2
companies,2
competition,4
computer,1
computerphile,1
conference,1
congress,24
connectedcontinent,2
connectivity,1
connecttheleft,13
conspiracytheories,1
constantcontact,2
constitution,1
consumer,2
contadino,1
content,3
contentstrategy,2
contest,1
copolitics,7
coppednews,1
copyright,9
cordcutters,2
corpocracy,1
corporatesellout,1
corporatocracy,2
corps,1
corruption,1
courageous,6
coxinternet,2
crapcom,2
criticalmedia,1
crowdfunding,1
crtc,1
cruises,1
cryptocurrency,1
csctechtalk,1
cso,2
cspan,1
cspanchat,1
cst1,1
ctia,1
ctl,8
cto,1
cttab,4
current,2
customtshirts,1
cutthecord,1
cyber,1
cybercriminalite,1
cyberlaw,2
cybersecurity,13
cynic,2
dailykos,3
dalekwin,3
danilo_starz,2
darkweb,31
darrienhunt,1
datacaps,1
datalaw,1
datanews,1
dataprotection,1
datasec,1
dbctechprobs,1
dc,4
dcferguson,1
deals,1
dearjamaica,8
debate,1
decriminalizeblack,1
defend,1
delaware,3
dellworld,1
dem,2
demandprogress,1
democracy,5
democrats,18
dental,1
design,2
dev,2
di93ig,3
digcit,2
digent,1
digg,1
digital,19
digitaldivide,1
digitalhealth,2
digitalia,1
digitalinstigator,1
digitalmedia,2
digitalutility,1
dingo,5
directaction,2
diritto,2
disappointed,2
discussion,1
disturbingoau,1
ditchwheeler,1
dlg,1
dmargeniis_x3,4
dmca,1
dmpchap11,1
docasksfda,2
doctourmus,1
doesntworkthatway,1
dollarocracy,1
domotics,1
dontfliptheswitch,8
dontkilltheinternet,1
doomed,1
downwiththeman,2
drama,1
dreamact,1
dretshumans,1
drones,1
dronestrikes,1
dronewar,1
dtdfg,1
du1,1
dubai,8
dumbarses,1
"détroit",1
ebif,6
ebola,7
ebuforecast,4
ecommerce,2
economy,1
edchat,1
edgeprovider,1
edilsonpc,3
editorial,2
edshow,1
edtech,5
edtechchat,5
edu,3
edwardsnowden,2
ee,2
eff,15
egypt_speaks,4
ehealth,1
eiaf,5
elchulosoyyo,2
election,4
election2012,1
election2014,5
electionday,2
elections,1
email,2
embraceopen,1
emergency,1
emergencykittens,1
emergencyprotest,4
emergencyprotests,1
emerson,1
employees,1
endcorruption,2
endfossilfuels,1
endpoverty,2
endthefed,4
energysecurity,1
engineroom,1
enterprise,2
entertainment,1
entr,1
entrepreneur,29
entrepreneurial,1
entrepreneurs,6
entrepreneurship,3
ep2014,1
equalaccess,1
equalrights,1
ericsson,5
esbo,1
ethics,4
etsy,1
eu,1
eudatap,7
europe,2
evangelical,1
evangreer,1
evil,2
ex,1
expectus,4
experts,2
expl,1
explore,6
explorenewideas,6
f,19
f4f,1
facebook,57
fai,2
fail,3
fair,1
fairness,1
fallfinds,1
fanuendo,1
fast,1
fastlane,2
fastwhisper,1
fauxnews,1
favoritism,1
fb,5
fbcoppednews,1
fbi,1
fcc,579
fcc_cio,1
fccnetneutrality,31
fccs,10
fcctexas,1
fedtalks,1
femaletomale,2
feminist,3
ferguson,12
fergusonnovember,1
ff,3
fftf,6
fifteenseconds,1
fightback,1
fightforfuture,6
fightforthefuture,3
fightforthenet,2
filipinovinerrock,1
financial,1
findthecenter,2
fios,4
fireissa,1
firethedems,2
firetomwheeler,7
firewheeler,1
fiscalpolicy,1
fiveemptychairs,1
flipthesenate,3
floodwallstreet,1
floridaturnpike,1
fmc14,2
fnr,1
foia,1
follow,49
followback,1
fomo,1
forbesciosummit,9
fordham,4
foreignpolicy,1
foresight,1
foreverwar,1
forthepeople,1
foryourfuture,1
fox25,15
foxnews,1
foz,1
fracking,1
francissantana_,12
freakinfcc,1
free,2
freeanakata,22
freebarrett,1
freebrokep,22
freedom,11
freedomofinformation,3
freedomofspeech,3
freehammond,1
freeinternet,3
freemanning,1
freemarket,2
freepalestine,14
freespeech,72
freetheinternet,3
freethepress,1
freetheweb,1
freetiamo,22
freetpb,22
frethenet,1
ftc,3
ftc100,1
ftm,2
ftsn,2
ftsnnewsdesk,2
fuckcable,1
fuckcapitalism,2
fuckfcc,1
fuckthefcc,1
fuckthisbullshit,1
fun,2
funidiom,1
funsizehorror,1
fusionri,1
fusionriseup,15
futurenews,1
futureofnews,2
futurestructure,1
fx,2
g1s,1
gabbarism,17
gabrielcatalano,1
gadgets,7
gamedev,13
gamenews,1
gameon,31
gamer,1
gamergate,25
gamernews,1
gamersunite,3
gaming,7
gauthamnagesh,25
gaza,3
gcc,5
geek,2
geekdailynews,3
geeknews,1
geeks,1
gen5consultingtips,2
general,3
genius,1
geordi3b0y,3
getthemoneyout,1
ghcq,3
gigatownnsn,1
girlsonthegrind,1
gofail,1
goodbye,1
google,39
googlealerts,1
googletax,1
goombanews,1
gop,12
gop2012,1
gopats,1
gopbetrayal,1
gopfail,1
gossip,1
gotv,1
gotv2014,1
gov,1
government,5
governmentnews,1
govmtregulation,1
govote,8
govote2014,5
growing,1
growth,2
gtx,2
guardian,3
guardianudate,1
gunpowderplot,3
guyfawkes,3
hack,1
hackathon,1
hacker,1
hacking,10
hackingnews,1
hacktivism,1
hacktivists,1
hadopi,17
halffast,3
hansvestberg,1
happeningnow,2
happyfriday,1
hardware,1
hardwerk25eight,1
hawaii,1
hb,1
hbo,51
hdtv,1
headlinesapp,5
healthcare,2
healthit,1
hechossonora,1
hermaphrodite,1
herrerateamswagga,4
highered,4
hightech,2
hiring,1
hitraffic,1
hollywood,1
homealarm,1
hoodiesup,3
hosting,1
hot,1
hotmen,1
hotreddittech,3
hotspotshield,2
hr,1
huawei,2
hugomatz,1
hulu,2
humanity,1
humanrights,2
hungaroring,1
hungary,8
hurricanesandy,6
huyton,1
hybrid,3
hybridsolution,4
i,2
iacc,1
icann,6
icann51,1
ict,5
icymi,4
ideas,6
ideatick,1
idocare,1
ieee,3
ieeegreen,3
ifiwasincharge,1
ifollowback,2
ifyouonlyknew,1
igm,3
iheartinternet,1
imagine,1
imissco,1
immigration,1
immigrationreform,1
impactawards,1
important,1
in,1
inc,1
income,1
indian,4
indie,2
indiedev,10
indiefilm,1
indiegame,5
industry,1
indy,2
info,2
infogov,1
information,3
informationispower,1
infosec,29
infowars,5
inners,1
innovation,8
innovazione,5
int,1
interconnection,1
interest,1
interesting,1
interference,1
internet,277
internet4all,1
internetaccess,1
internetconsumeradvocates,1
internetemergency,2110
internetfreedom,9
internetgovernance,5
internetisautility,1
internetisforeveryone,1
internetmarketing,2
internetneutrality,6
internetserviceproviders,1
internetslowdown,49
internetsownboy,1
internettax,2
introducingneals,18
introjn,1
iot,8
ip,1
iphone,2
iphone5s,1
ipost,2
iranelection,2
irishwater,2
irony,6
is6621,1
isis,11
isp,5
isps,7
israeliapartheid,2
issue6,2
issues,1
it,21
italy,1
itc4,2
itcd,2
itchannel,1
itexecutive,2
itfa,2
itre,1
itsallaboutthe,2
itsinyourpower,1
itslikereally,1
itu,7
iwili,1
j1010q,1
jerseycity,1
jerseyshore,1
jfki,1
jimmykimmel,1
jobs,3
johnoliver,25
join,1
jointsupport,1
journalism,1
joycookpr,2
jsil,1
juan_starz,2
jukitanya,1
jumia,2
just,1
justice,8
kabarudara,2
kcaashik,1
keepcalmvotedem,5
keepnetneutrality,1
keeptheinternetequal,1
kelvinssito,2
kentucky,1
kevinfrezhx3,1
keystonexl,11
kickstarter,1
kiss,1
kneepads,4
koch,1
kochads,3
korra,1
kpakpatoya,1
kreative,1
ksa,3
ksnnews,1
kudos,1
lafalacia_,1
lamesauce,2
lane,1
lastweektonight,27
lastword,1
lasvegas,1
latest,3
latestnews,1
latesttech,1
laurenhill,1
law,13
lawdisorder,1
lawsuit,1
leadership,1
leaks,4
legacy,5
legalization,3
letsgo,2
lgbt,5
lgbtforum,7
lgbtrights,1
libcrib,3
liberalfascism,1
liberation,6
libertarian,7
liberty,3
libraries,10
libraryatalexandria,1
lifehacks,2
lights,4
likeaboss,1
likeforshoutout,1
linux,1
littlemixqanda,1
livestream,10
lnp,1
longreads,1
look2,1
lordre,1
losthope,1
loveit,6
lovetheweb,1
lovewhatyoudo,1
lovewins,2
lse,1
luiis_3x,26
luismyprivon_,4
luispokel,10
luxury,1
m1blog,2
m4,2
ma,1
maaaaaan,1
maddow,1
makedclisten,2
makes,1
makethecall,1
makingmoneypayingbills,2
malware,1
manifencours,1
manifesto,1
map,1
mapoli,20
marchagainstcorruption,2
marijuana,4
market,1
marketing,11
marketingmyskills,2
markwilson,1
mashable,37
mashtech,3
masondebates,1
matchface_,1
mca209,1
mca601,1
mcgnews,1
mcgtech,4
medalofhonor,1
media,11
mediaa,1
mediaaccess,1
mediaadvisory,1
mediaculture,1
mediaexpert,1
mediajustice,13
medialaw,19
medialiteracy,1
mediapost,1
mediasoc,1
mediawontreportit,1
meetingprofs,1
meksiko,1
mesh,1
meshnet,1
meshnetworking,1
meteor,1
mexicananthomin,1
miamitech,1
midterms2014,6
mikebrown,1
mikeworld,1
milionmaskmarch,1
militarizedpolice,1
militarybyowner,1
militarypoliceforce,1
millennials,2
milliondudesmarch,5
millionmaskmarch,16
millonmaskmarch,1
milwaukee,5
minecraft,4
minimumwage,3
ministryofinnovation,2
minnesota,7
mitchmcconell,1
mktg,2
mlp,1
mmm,20
mmtc14,2
mn,2
mn2014,2
mnsen,34
mnsendebate,6
moar,3
mobile,18
mobileal,1
mobiletech,1
money,2
moneyruinseverything,1
montana,1
mortgage,1
mostpopular,1
movies,2
movingtargets,1
moyers,9
mozilla,2
mp,3
mpaa,4
mppdigital,1
mprdebate,8
msm,1
msnbc,1
msnbcvote,1
mtv,1
murica,1
mustread,1
muststopnetneutrality,1
mw2373,1
myamazonwishlistcontains,1
n,1
n6th,4
nadeshiko,1
nanog,2
nanog62,2
narannual,2
nashville,1
nationally,1
nationwide,1
nc,1
ne,2
nerdalert,1
nerdcore,1
nerdlife,2
nerdrap,1
nerod,5
net,23
net4all,2
net_neutrality,1
netde,2
netflix,20
netflixdown,3
netframework,1
netfreedom,24
netgov,2
netinfo,1
netneautrality,3
netnetrality,1
netneut,1
netneutality,2
netneutrality,22073
netneutrality2014,4
netneutralitydefinition,2
netneutralityjokes,1
netneutralitymatters,1
netneutralitynow,1
netneutralitypetition,2
netneutralityr,3
netneutrlity,1
netrootsatwork,1
"nettarafsızlığı",1
nettransparency,1
networking,4
networks,1
netzneutralitaet,1
"netzneutralität",1
neutrality,8
neweconomy,2
newflix,2
newmediacc,5
newmexico,1
news,172
newsanalysis,7
newsict,1
newsmedia,2
newsnight,2
newsnuus,8
newspipeline,1
newssales,2
newsworld,2
newworldorder,2
newyears,1
newyorkmoments,1
newzsocial,1
nice,1
nieuws,1
nipslip,1
njit,1
njp,1
nlu,2
nm,1
nn,2
nns,1
no,17
noacta,3
nobel,1
nobody,1
nocensorship,1
nocompromise,97
nofastlanes,1
nofccfuckery,1
nofrankenstein,2
nohybrids,1
nola,1
nolameduck,2
nonetneutrality,1
nonettax,6
nonprofits,2
noparty,1
nope,2
noslowlane,1
noslowlaneinternetforus,1
noslowlanes,1
nosql,4
noticiashd,2
notjust2parties,1
notjust4profit,3
notkiddingeither,1
notneutrality,1
notofcc,1
notyourshield,5
nov5th,2
nov6,18
nov9,1
nowreading,1
nowweknow,1
npbbxl,7
npr,2
nprnews,2
nsa,33
ntchearing,1
ntnews,1
nwo,2
nyc,64
nyctech,1
nyspeaks,2
nytactslikeit,1
nytech,1
"nätneutralitet",1
obama,77
obamalegacy,1
obfuscation,1
objectivity,1
occupy,6
occupyebola,7
occupyhq,1
occupyinfo,3
occupyinternet,2
occupynz,9
occupyseattle,2
occupythenet,1
occupyusa,2
occupywallst,1
occupywallstreet,2
oceantwp,1
odavelymusic,14
ofcom,1
ohio,1
olivercrow,1
onceuponatime,1
oneinternet,5
onelove,2
onetravelchat,1
online,24
onlinemarket,1
onlinemarketing,2
onlireeks,3
onwardinternet,1
opcanbis,1
open,3
opengov,1
openinternet,62
openmedia,1
openmind,6
opennet,1
opensource,2
openstandards,1
openweb,1
openworldforum,1
"operatörer",1
opinion,1
opioidepidemic,1
opsilk,1
opvendetta,5
orange,5
organicsocial,6
ott,7
ourvoicesmatter,5
outwithfriends,1
overturn,1
ows,90
owsinfo,3
p1,1
p2,336
p2b,2
p2p,1
papa,1
parkslope,1
passiton,1
patent,1
patentreform,2
pay2play,1
pbo,5
pbs,9
pcmasterrace,1
pda,6
pdmfnb,1
pdx,3
peace,1
pedaleando,1
peepstalks,1
pemberton,1
peoplelikeus,2
permissionmarketing,1
perpetualmotion,1
petition,6
pg310,1
pgn,1
phila,1
philadelphia,1
philly,17
phillynow,3
phinternet,1
phone,2
phx,1
pic,1
piracy,1
pjnet,25
pleasert,4
plenipot14,1
pnw,1
podcast,5
pointergate,1
policestate,8
policyweeknwi,2
political,1
politics,16
pols001,2
pondscum,1
popopgo,1
poprock,1
porn,2
portland,4
posture,1
potus,8
powertothepeople,2
pr,4
praxis,1
preserve,1
preside,1
president,4
presidentobama,5
pressfreedom21,1
preventingcablecompanyfuckery,1
princeton,1
priorities,20
prism,3
privacy,44
privatetunnel,1
proav,1
profiling,1
progressivemyass,1
project,4
promise,1
promo15jomave,32
protect,3
protectthenet,5
protest,52
protesters,2
protestfail,4
protests,8
ps4,2
psvitaarmy,1
public,1
publicbroadband,4
publicpolicy,3
publishing,1
puremichigan,2
puretitleiiornull,1
qatar,14
qconsf,6
qznextbillion,7
radio,4
radioneutrality,1
radiowizard,2
raisethewage,1
rally,11
rally4change,1
rbooks,1
reactionlessdrive,2
realestate,1
realnet,1
realnetneutrality,121
reasons,1
recentuploads,1
reclass,1
reclassify,11
reclassifytheinternet,1
reclassthenet,4
redd,1
reddit,54
redistribution,1
reelcraft,1
regulation,1
regulations,2
regulatory,29
rein,1
reinhimin,1
reininfcc,2
rememberrememberthe5thofnovember,1
renewables,2
repealcopyrightableapi,1
repealpatriotact,2
report,1
reproductiverights,3
republican,2
republicans,17
republicantakeover,1
resetthenet,2
resistance,5
retweeet,1
retweet,3
reuters,5
reuterspolitics,2
reuterstopnews,1
revolutio,1
revolution,3
ricerca,5
richardstallman,1
rickmatteis,1
rifkin,7
right,1
rights,5
rip,1
rip2014,1
rly,1
road,1
roaming,1
rockthevote,1
"rodotà",1
rogers,1
rogersinternet,1
rogersisshit,1
ronaldo,1
root100,1
rosemontitsupport,1
rt,43
rtbf,8
rtifucrievrytiem,1
ruinacomedian,1
rumbleindc,3
runescape,3
rural,5
russiatoday,3
rutgers,1
s,1
s17,1
saas,1
saddan_3x,1
safersoftware,1
salampergerakan,1
sales,1
salesmanagement,1
samedayregistration,3
sanantonio,1
sandiego,1
sanfrancisco,10
santacruz,2
sao_gameinfo,1
sapevatelo,1
save,1
savedyouaclick,1
saveinternet,1
saveourchildrensfuture,1
savetheinternet,339
savethenet,7
savethetubes,1
saynotofastlanes,1
science,1
scotus,2
screwattack,1
search,1
seattle,1
sebheupdate,1
security,3
securityexcellenceawards,1
securitynews,1
seinfeld,1
seize,1
semcents,1
semicolonbaby,2
senate,4
seo,10
serve,1
servers,1
setting4success,4
sexintheovaloffice2024,4
sf,37
shaquille,2
share,12
sharethelove,2
sheeple,1
shoutnews,2
showbiz,1
sigh,1
sign,1
silk,1
singlepayer,1
sitrah,1
skyisfalling,1
slackerswithnothingbettertodo,1
slashdot,1
slowlane,3
slowlanes,2
sm,2
smallbiz,19
smallbizsaturday,1
smallbusiness,5
smartcities,2
smartnews,4
smartphones,1
smartsensors,1
smb,2
sme,2
smecommunity,1
smh,6
smm,3
smo,1
smrpodcast,1
snowden,13
socialbusiness,1
socialleaf,1
socialmedia,71
socialtimes,3
socialupdate,1
softinfrastructure,1
software,2
softwareengineering,1
softwaretesting,3
solidarity,1
soloconectate,2
songwriter,1
sopa,256
soros,4
sosmade,1
speakup,2
spies,3
spotify,4
sproutchat,2
spying,6
srsly,2
ss,4
stake,1
stan,1
standwithwendy,1
star,2
startup,56
startups,25
statusquo,1
stc,7
std,1
stepin,1
sterlin_x6,2
stillemailing,2
stiri,1
stocks,2
stopcablecompanyfuckery,1
stopcomcast,13
stopdataretention,1
stopfasttrack,11
stopgreed,1
stoprush,3
stopthe1percent,1
stopthegop,2
stopthemerger,1
stoptherich,1
stoptpp,1
stopwatchingus,1
stories,2
storypoa,1
stpaul,1
strategic,1
strategy,1
strategymatters,1
studentloans,1
subscribe,1
success,2
sucks,2
sue,1
summersmash,1
support,1
surveillance,32
surya,15
suryaray,18
suryaray1,1
susanneposel,2
switzerland,5
sxswv2v,1
takedownjulienblanc,5
talentedmekit,2
talentnet,1
talkradiance,2
tarsands,1
tax,1
taxation,1
taxesmarijuanaisis,20
taxloopholes,1
taxtherich,1
taylorswift,5
tc,3
tcot,41
tcsitwiz,5
te,1
team_saddan,1
teamcable,1
teamfollowback,6
teaminternet,18
teamjunckereu,2
teaparty,4
tech,428
tech24,2
techcity,1
techcrunch,2
techeye,1
techfreedomtv,8
techindustry,2
techinfo,1
techla,1
techleaders,1
technews,59
technology,123
technologynews,1
technoolgy,5
technos,2
technova,6
techology,1
techpolicy,3
techs,1
techscraper,1
techtalk,1
techtrends,2
techtweets,1
tecnologytoday,1
tedtalks,1
tel4rent,1
telecom,20
telecomlaw,1
telecommunications,3
telecoms,6
telecomsnews,2
terrorist,4
tethering,2
texas,1
tfb,1
tft,3
thanksobama,2
thecampaignfornetneutrality,2
theceopundit,1
thefutureismeow,1
thegip,6
theguardian,2
thehill,2
theinternetisfucked,1
theirfanism,1
thekirkshow,2
themesh,1
thenazisarecoming,1
theneeds,1
thenewstuff,2
theonepercent,1
theopenmind,17
theory,1
theplacetobe,5
theregister,1
theresponsivecity,8
thetrews,1
theverge,2
theweeklink,1
thewhitehouse,2
theworldisyours,4
think,2
thinkcritically,6
thinktarian,6
thinkthursday,1
thiseffectseveryone,1
thoughtoftheday,6
throtting,2
throttle,1
throwbackthursday,1
thursday,1
tiffiniycheng,1
timewarner,1
timewarnercable,5
title2,1
titleii,41
tki,3
tlot,13
todaymatters,1
tomorrow,1
tomwheeler,13
tonight,3
topnews,5
toppic,1
toppick,2
topprog,2
topstories,2
topstory,1
toptechnews,1
tor,6
torbrowser,31
torrent,1
totallyrossome,1
"touchécomm",1
tpp,67
trade,1
trampling,1
transformyourself,1
transparency,1
treason,1
treasure,1
trending,3
trfgmc,1
trisi,1
truth,10
ttip,2
tu,1
tucson,1
turnoutproblems,3
twc,5
twc421,1
twibbon,1
twiiteroxx1,2
twincities,1
twit,1
twitter,4
ubernet,2
ucla,1
ucsb,1
ufo4ublogeducation,1
uk,2
unacceptable,1
uncategorized,1
unevenmedia,1
unionsquare,16
unitebiue,3
uniteblue,36
unitebluenj,1
unitedingdom,2
unitedwestand,1
unlikely,1
untj5120,1
update,2
upenncivicmedia,1
upsidedown,1
urgent,2
us,168
usa,22
usage,1
usagecaps,1
usanonymous,1
uscongress,1
usnews,1
uspoli,3
usrc,2
ustream,4
usworld,1
utility,2
uwo311,9
uxd,2
va,11
vcspeak,1
vegananons,2
venturebeat,2
verge,1
vergenews,1
verizon,62
verizonsucks,2
verysad,1
vetopen,4
vfox,1
video,8
videobuffer,4
videostrategy,2
videostreams,4
viewandro,1
viewandroid_,1
vinb,2
viral,2
vod,2
voip,2
vote,12
vote2014,1
voteblue,6
voted,1
votepeiser,1
voters,1
votingmatters,5
vpn,3
vz,4
waaaatallica,1
wakeup,2
wallstreet,1
want,1
war,1
warcrimes,3
warjournalism,1
waronwomen,1
washingtondc,3
washingtonwire,1
watercharges,2
waveofaction,1
way,1
we,1
weaker,2
weare99,1
wearegreen,15
wearelegion,1
weareone,1
wearethepeople,1
web,25
webdesign,8
webdevelopment,1
webhosting,1
webrtc,3
websummit,1
weed,1
weekintech,1
wefindia,6
weguard,1
welcome2tweeting,1
welovestartups,1
westwing,1
wethepeople,8
whatilearnedtoday,1
wheeler,1
whistleblowers,1
whitehatseo,1
whitehouse,16
whitehouse2014,2
whitehouseprotest,1
whitehousetweet,1
who,1
whoa,1
wholesale,2
wifi,1
wikileaks,3
wikipedia,1
wildwood,1
willsandkate,1
willyfelipe,2
win,1
windows,1
wireless,2
wirelessisdifferent,3
wizkhalifa,6
wnc,1
woe,1
wolfpac,5
womensrights,1
worcester,5
worcpoli,3
wordpress,3
world,5
worldnews,2
worldtreasure,1
worthreading,1
wtf,6
wut,1
wyleg,3
wylegis,3
xke,1
xl8,1
xxx,1
yaf,4
yay,2
year,1
yes,1
yeson47,1
yessirmrpresident,1
yeswecan,1
yolo,1
youtube,1
ytcracker,9
"مكتبي",1
